fold,protein,pearson,spearman,r2,rmse,mae
0,synd,0.37972021102905273,0.3104774326955309,0.137567400932312,0.3637630180441452,0.25526300072669983
0,FOXP3,0.3120568096637726,0.2760959481092068,0.09391278028488159,0.19631304997631568,0.13900457322597504
0,CD16,0.2894735336303711,0.2821599643236522,0.07885921001434326,0.6059012068394429,0.44544801115989685
0,CD31,0.33292803168296814,0.21526508192759305,0.11006879806518555,0.37308250376938806,0.25939446687698364
0,CXCL13,0.2921018600463867,0.1320050426732213,0.08307504653930664,0.17009162097560743,0.11966384202241898
0,Ki67,0.3822627663612366,0.2428756381259195,0.14380818605422974,1.0481525426167673,0.8257756233215332
0,OLIG2,0.33187606930732727,0.2953434917940946,0.10683685541152954,0.38427676209305167,0.3118572533130646
0,CXCR5,0.35269343852996826,0.1490920148679118,0.12234407663345337,0.17263662584899828,0.11560460925102234
0,HLA-A,0.19812041521072388,0.17722922000777336,0.03777754306793213,1.0433260416399677,0.8190135955810547
0,PD-L1,0.5107499957084656,0.17495056353714614,0.2581385374069214,0.17764518931505383,0.11923936754465103
0,PSD95,0.28458815813064575,0.25611369135263945,0.08030921220779419,1.3077851943215653,1.0079491138458252
0,CD20,0.14993692934513092,0.1498401803941533,0.022475004196166992,0.28406320393457263,0.15921279788017273
0,CD68,0.5313774347305298,0.20047111450724678,0.2819984555244446,0.3687488959990963,0.2459723800420761
0,CD44,0.4003123939037323,0.3694465877949424,0.1560724973678589,0.7787247472131277,0.5899423956871033
0,SMA,0.3208068013191223,0.2086008754199385,0.10142761468887329,0.6383649689435464,0.46337541937828064
0,MSH6,0.3379451036453247,0.30847296558447984,0.10957032442092896,0.3567218700511428,0.27712124586105347
0,CD23,0.37109750509262085,0.30126647752878666,0.13678526878356934,0.9259884437453751,0.6556366086006165
0,GFAP,0.19149690866470337,0.1670781713711433,0.03518646955490112,0.40575492476778685,0.3098902702331543
0,SYNA,0.27827760577201843,0.17977302774218196,0.07375222444534302,0.27848590141151597,0.20595543086528778
0,Podoplanin,0.2613721489906311,0.13133411617298577,0.06383717060089111,0.9914337659403699,0.7135277986526489
0,Vimentin,0.3026776611804962,0.2226707236877751,0.09115779399871826,0.41486927823186653,0.3194204866886139
0,CD47,0.2535194158554077,0.18532837434684252,0.06321614980697632,0.23140897344857891,0.1658477634191513
0,CD74,0.44537532329559326,0.41769261983938155,0.19681096076965332,0.7979529326906517,0.6526505351066589
0,SIRP,0.28156524896621704,0.25559014448397077,0.0791197419166565,0.2412381330595561,0.18794821202754974
0,Granzyme B,0.41981518268585205,0.24859365511763848,0.17377245426177979,0.6276448317104769,0.40782442688941956
0,IDH1,0.3236229717731476,0.2582204865053422,0.10260570049285889,0.29436370627491293,0.22432059049606323
0,MPO,0.5586149096488953,0.13213889274083843,0.31129056215286255,0.23634778878870497,0.1290074735879898
0,CD45,0.4888020157814026,0.2588207602719272,0.23860162496566772,0.3325070842368273,0.24841119349002838
0,CD21,0.2891297936439514,0.15811843304384463,0.07980197668075562,0.26474612358090277,0.20255005359649658
0,FIBR,0.4692170023918152,0.19318229133313988,0.2154461145401001,0.19688316131508826,0.14009134471416473
0,C-KIT,0.4037128984928131,0.2691731474728,0.16186285018920898,0.6670894077206341,0.44381552934646606
0,CD3e,0.4244384467601776,0.17289027144402686,0.17980492115020752,0.2133348886580942,0.13879430294036865
0,TOX,0.5420992374420166,0.27593184830629414,0.2902624011039734,0.34520135445793193,0.19962719082832336
0,PD-1,0.31586363911628723,0.15503123104041475,0.09745293855667114,0.17796628096276965,0.12174088507890701
0,PDGFR,0.3832869827747345,0.24626695599463108,0.1460903286933899,0.6677191864853489,0.43830665946006775
0,CD4,0.47181808948516846,0.24953150220373146,0.22193771600723267,0.26066848341824184,0.1926005333662033
0,MAP2,0.4284093379974365,0.3267682539823654,0.18057382106781006,0.4452004375331799,0.34644997119903564
0,CD8,0.22604376077651978,0.09019182877825022,0.05106538534164429,0.300928562800084,0.1937207281589508
0,MGMT,0.462698757648468,0.250450134387551,0.21108412742614746,0.3990768837483618,0.2559776306152344
0,CD38,0.3057137727737427,0.2743345974391877,0.0924234390258789,0.30175787422648664,0.23218479752540588
0,HLA-DR,0.4525505602359772,0.33070299834417666,0.20471608638763428,0.4316973584204967,0.31823983788490295
0,CD14,0.4426867365837097,0.3310126103225202,0.19447040557861328,0.4167818168629989,0.3201129734516144
0,ICOS,0.32868194580078125,0.18886002597997148,0.10494691133499146,0.217596324180071,0.15534818172454834
0,Granzyme K,0.1460549235343933,0.14048674568324507,0.014772355556488037,0.21629029448456144,0.1663428246974945
1,synd,0.3448045253753662,0.2788432234660202,0.11835908889770508,0.3305989169160452,0.23255205154418945
1,FOXP3,0.3379281163215637,0.29419101719427476,0.1134716272354126,0.17656410520380922,0.12561099231243134
1,CD16,0.25339657068252563,0.24718634768635928,0.06324928998947144,0.577710131690437,0.42438334226608276
1,CD31,0.3585974872112274,0.22449093700044062,0.12830322980880737,0.3587343891748093,0.24850085377693176
1,CXCL13,0.2954331338405609,0.12472169850845619,0.08561307191848755,0.1571555006662081,0.1102357730269432
1,Ki67,0.4081827700138092,0.24688497142588206,0.164348304271698,1.0539336159265869,0.8233680129051208
1,OLIG2,0.3166658580303192,0.2855411962358768,0.09834754467010498,0.3697026127606582,0.30062565207481384
1,CXCR5,0.43515151739120483,0.15568392998319905,0.1857839822769165,0.15871406393424534,0.10424859821796417
1,HLA-A,0.1740916520357132,0.1524362148839887,0.029074430465698242,1.0214529816743219,0.8023394346237183
1,PD-L1,0.5542193651199341,0.15697936178580782,0.3050270080566406,0.15986581962308585,0.11142901331186295
1,PSD95,0.33455923199653625,0.2634636849772161,0.10947346687316895,1.2262355587387939,0.9585847854614258
1,CD20,0.23926040530204773,0.16326132951850428,0.053182005882263184,0.23078874420880638,0.15068849921226501
1,CD68,0.5504037737846375,0.196163019775504,0.2874312996864319,0.359793253778971,0.23530350625514984
1,CD44,0.37927767634391785,0.3420313631135467,0.14325463771820068,0.7929504091744402,0.5896421074867249
1,SMA,0.29544201493263245,0.2000029978884722,0.0853545069694519,0.618249052692556,0.4522041380405426
1,MSH6,0.32435905933380127,0.2974883494069322,0.10372370481491089,0.3376978947467378,0.26572614908218384
1,CD23,0.437802791595459,0.296600428016122,0.18516772985458374,0.8530436592310447,0.610973596572876
1,GFAP,0.15945298969745636,0.16693984661245967,0.019857823848724365,0.3821989124493718,0.2946324050426483
1,SYNA,0.23354914784431458,0.14386854418927547,0.05389082431793213,0.2641108919980381,0.19914257526397705
1,Podoplanin,0.28509950637817383,0.15093272217409873,0.07632589340209961,0.9220061128128213,0.6721428632736206
1,Vimentin,0.3273305296897888,0.22447022777882525,0.10427206754684448,0.3891599839424317,0.30190280079841614
1,CD47,0.2789146602153778,0.183044272658547,0.07105851173400879,0.21296450006858217,0.15529531240463257
1,CD74,0.4523584246635437,0.40897954404861625,0.20103144645690918,0.7966340766675762,0.6588963866233826
1,SIRP,0.2854768931865692,0.2756720846417217,0.0803641676902771,0.2489945039583042,0.1924935132265091
1,Granzyme B,0.4168124496936798,0.24039388227656738,0.16528832912445068,0.5948263751679636,0.3791104555130005
1,IDH1,0.3275681138038635,0.2390490554897455,0.10675060749053955,0.2805820719630439,0.21064360439777374
1,MPO,0.5442187190055847,0.14166753150176137,0.27945995330810547,0.2318623081882676,0.12485885620117188
1,CD45,0.5404120683670044,0.24248417580996146,0.29010146856307983,0.322768102844392,0.2411096692085266
1,CD21,0.30366894602775574,0.13972501411724753,0.09102451801300049,0.2505414285475209,0.19145245850086212
1,FIBR,0.5296106934547424,0.19051823777050264,0.275934636592865,0.18441159119633868,0.13058742880821228
1,C-KIT,0.4880104660987854,0.2800170329310104,0.23665356636047363,0.6179207417856818,0.4140864610671997
1,CD3e,0.6060646772384644,0.17703517713267353,0.3588542342185974,0.19568326091652385,0.12617908418178558
1,TOX,0.47969987988471985,0.2696368610682542,0.22368425130844116,0.36017796746765374,0.19465060532093048
1,PD-1,0.421362042427063,0.16003670969081696,0.17186397314071655,0.15499387922238145,0.10897564888000488
1,PDGFR,0.4826480746269226,0.25309248601759626,0.23116534948349,0.5935582303000759,0.3864215016365051
1,CD4,0.528553307056427,0.2460230200368541,0.2787502408027649,0.25672562119244136,0.18885453045368195
1,MAP2,0.4789610505104065,0.31511848081297705,0.22202527523040771,0.43209211117403384,0.3354521095752716
1,CD8,0.1522485762834549,0.08281796199789623,0.01670736074447632,0.30632764795329925,0.1865948587656021
1,MGMT,0.47936078906059265,0.23381737023365837,0.2254430055618286,0.3603748014239804,0.2384326457977295
1,CD38,0.33091387152671814,0.26165393635748685,0.1041637659072876,0.2826418609499328,0.22120308876037598
1,HLA-DR,0.4653080105781555,0.3144546179845735,0.2095920443534851,0.416489434298282,0.3066873252391815
1,CD14,0.4375098943710327,0.32020744232941034,0.18968313932418823,0.4160091238454119,0.3216190040111542
1,ICOS,0.3328106999397278,0.2020512313302286,0.10751396417617798,0.20094152799517243,0.14182952046394348
1,Granzyme K,0.32227227091789246,0.15858444083877063,0.08374875783920288,0.20606488387927557,0.16019688546657562
2,synd,0.36247098445892334,0.30731356637140983,0.12796270847320557,0.35821647078384605,0.2496146410703659
2,FOXP3,0.4105413854122162,0.31050383479544336,0.1616572141647339,0.18534013373269262,0.13129067420959473
2,CD16,0.28346899151802063,0.27584176636672225,0.07791322469711304,0.58674598864276,0.43358752131462097
2,CD31,0.4239068925380707,0.23800894926656338,0.17348182201385498,0.3494467863364672,0.24499471485614777
2,CXCL13,0.3420899510383606,0.13755479892045255,0.11507326364517212,0.1671466949168795,0.11586318165063858
2,Ki67,0.41417357325553894,0.2481296757256231,0.17038440704345703,1.0652935664899468,0.8381438851356506
2,OLIG2,0.33965468406677246,0.3030285695238033,0.11131590604782104,0.3802613674260436,0.30828142166137695
2,CXCR5,0.42897871136665344,0.1717375680615033,0.182375967502594,0.16718547632650446,0.1098000556230545
2,HLA-A,0.2023812085390091,0.16813165094519775,0.03879350423812866,1.0438325426733255,0.819936215877533
2,PD-L1,0.5345105528831482,0.18288729427665762,0.28517329692840576,0.16836810321708412,0.11422155052423477
2,PSD95,0.3461402952671051,0.26514564051776873,0.11648505926132202,1.2333339212175636,0.9566031098365784
2,CD20,0.25078457593917847,0.14923604545330604,0.05475032329559326,0.262949257103813,0.15567487478256226
2,CD68,0.7016767859458923,0.22395605325747422,0.47080183029174805,0.3816899949999951,0.24570168554782867
2,CD44,0.5020020604133606,0.40206151633311277,0.22415953874588013,0.8253226819578482,0.6103574633598328
2,SMA,0.32418859004974365,0.20308049383730872,0.10311037302017212,0.6027689391712361,0.4469699561595917
2,MSH6,0.3335649073123932,0.30773874067954593,0.10766875743865967,0.3512909264156098,0.2743731737136841
2,CD23,0.4723689556121826,0.3241419944910257,0.21819931268692017,0.8565209941417719,0.6064891815185547
2,GFAP,0.3125912845134735,0.20901835277079459,0.08764004707336426,0.398994729329913,0.30999788641929626
2,SYNA,0.21310396492481232,0.16396152341866332,0.04505997896194458,0.2682355753432396,0.20359106361865997
2,Podoplanin,0.1685485988855362,0.13507740848083769,0.025359809398651123,0.9505381264702943,0.6879966855049133
2,Vimentin,0.3612832725048065,0.2330886863054755,0.1284586787223816,0.39705734944797144,0.3070851266384125
2,CD47,0.39292046427726746,0.20259024925186206,0.14687377214431763,0.2226477755222139,0.16057369112968445
2,CD74,0.482803612947464,0.44020131657173817,0.22962605953216553,0.7914824438744594,0.6500404477119446
2,SIRP,0.35595837235450745,0.30006119700407197,0.12122946977615356,0.24972141658565547,0.19423209130764008
2,Granzyme B,0.5452396869659424,0.25697093396171705,0.29029786586761475,0.6030381668911069,0.3770548105239868
2,IDH1,0.46003857254981995,0.28257131496879123,0.19804197549819946,0.29188353133956074,0.2203967422246933
2,MPO,0.6962201595306396,0.16441975528669261,0.48212170600891113,0.21489602233303953,0.12629608809947968
2,CD45,0.5971548557281494,0.281747842132721,0.3498902916908264,0.3268885818818011,0.2428181916475296
2,CD21,0.2506517469882965,0.1697244650880227,0.06088817119598389,0.26103180077904675,0.19897772371768951
2,FIBR,0.5217510461807251,0.19204856831562944,0.2710287570953369,0.17959582021703901,0.12906695902347565
2,C-KIT,0.5441977977752686,0.29472416108132476,0.28762388229370117,0.6320719211916948,0.4194514751434326
2,CD3e,0.5913242101669312,0.20049808748140835,0.3358768820762634,0.2180434123044148,0.1339743584394455
2,TOX,0.5551518201828003,0.2828368088021007,0.3081846237182617,0.36424821938162616,0.20061564445495605
2,PD-1,0.42560967803001404,0.16408824890932405,0.1797979474067688,0.1682200547950253,0.11416071653366089
2,PDGFR,0.5300067663192749,0.2740865231503435,0.27037400007247925,0.6326839646147656,0.40809017419815063
2,CD4,0.569668710231781,0.26652991678135957,0.32078027725219727,0.2586577892241538,0.19013090431690216
2,MAP2,0.3818508982658386,0.32740595812556395,0.14576679468154907,0.4265766239273289,0.333634614944458
2,CD8,0.21670353412628174,0.11819478835476518,0.04405719041824341,0.3117954895860464,0.19037139415740967
2,MGMT,0.5061291456222534,0.25135611525884966,0.25502312183380127,0.36835962257093763,0.23869505524635315
2,CD38,0.40172070264816284,0.2957147075823901,0.15611225366592407,0.29429611868238365,0.22616975009441376
2,HLA-DR,0.5605255365371704,0.3554851075536825,0.3072918653488159,0.4219445065354673,0.30860862135887146
2,CD14,0.47967156767845154,0.34768973937597003,0.22769129276275635,0.4111319245172548,0.31854766607284546
2,ICOS,0.4374258518218994,0.21192045801041248,0.18556970357894897,0.20965356728461731,0.1492583453655243
2,Granzyme K,0.20419073104858398,0.1468055254972437,0.034895479679107666,0.2101146578844809,0.16389985382556915
3,synd,0.3743703067302704,0.3006742523807306,0.13766980171203613,0.37591679085557717,0.26243841648101807
3,FOXP3,0.40174341201782227,0.33831504753355346,0.15294218063354492,0.19698429820314237,0.13704995810985565
3,CD16,0.2721986174583435,0.28023558241592594,0.07027566432952881,0.6036182057133975,0.4473300874233246
3,CD31,0.4135769009590149,0.26381688687844856,0.1666780710220337,0.3770187992738728,0.2600032687187195
3,CXCL13,0.3653182089328766,0.1686448370715253,0.12522095441818237,0.18493920251901266,0.12191429734230042
3,Ki67,0.4196055829524994,0.2598128189586587,0.17451608180999756,1.111210500060196,0.856576144695282
3,OLIG2,0.333437979221344,0.30656914892581566,0.1073685884475708,0.3871178349899485,0.31332337856292725
3,CXCR5,0.4224986135959625,0.19169816350975893,0.17458057403564453,0.18355118481301191,0.1159161925315857
3,HLA-A,0.20077791810035706,0.1765711820336606,0.03863722085952759,1.0573560510333884,0.8284469246864319
3,PD-L1,0.5595666170120239,0.20013990992039513,0.3081619143486023,0.19518713742569696,0.1224215105175972
3,PSD95,0.3529379963874817,0.27945296917045104,0.12087136507034302,1.2686822018102342,0.9774731993675232
3,CD20,0.1944485753774643,0.18190816763200088,0.035750389099121094,0.29065951378268173,0.16584469377994537
3,CD68,0.6328344345092773,0.24251349400113373,0.398432195186615,0.4215507320743829,0.25710242986679077
3,CD44,0.37196871638298035,0.3833122575425294,0.13675248622894287,0.87274898763711,0.6273781657218933
3,SMA,0.36063921451568604,0.22834374986413078,0.12529289722442627,0.6387037216785846,0.4584967792034149
3,MSH6,0.3337971270084381,0.30959721923190303,0.10785698890686035,0.358110983010044,0.280907541513443
3,CD23,0.4611763060092926,0.32887430722908223,0.20736539363861084,0.9174530528683903,0.6376887559890747
3,GFAP,0.29895254969596863,0.2157198700206685,0.07956129312515259,0.4111416197352202,0.3168708086013794
3,SYNA,0.28646332025527954,0.1723615128009123,0.07632666826248169,0.2861451807050526,0.20922835171222687
3,Podoplanin,0.2332705557346344,0.16560972290099973,0.04962813854217529,1.0097645624918854,0.7198753356933594
3,Vimentin,0.3669814467430115,0.2594202066888352,0.13161754608154297,0.417446630344642,0.3189854621887207
3,CD47,0.36595287919044495,0.234748574178854,0.12850534915924072,0.23735257046340066,0.16759084165096283
3,CD74,0.4762495160102844,0.43223461063422836,0.22449475526809692,0.8020917264490963,0.6576268672943115
3,SIRP,0.3608931601047516,0.3110980565344427,0.11911177635192871,0.2614048313528763,0.1999300718307495
3,Granzyme B,0.5127536058425903,0.28768766827006914,0.25675082206726074,0.6668075596423196,0.410055935382843
3,IDH1,0.3995502293109894,0.29645763464149266,0.15902894735336304,0.2942801181487481,0.22195374965667725
3,MPO,0.6059020757675171,0.15429112411451656,0.3663066625595093,0.27098244297597224,0.13707244396209717
3,CD45,0.579082727432251,0.27643599145517905,0.33316147327423096,0.3431943824674011,0.24719569087028503
3,CD21,0.26360729336738586,0.16487075647543883,0.06840473413467407,0.2620646909098585,0.19798694550991058
3,FIBR,0.5126100778579712,0.23873831760778413,0.2597309947013855,0.1986712055742549,0.13834884762763977
3,C-KIT,0.5011155009269714,0.30925557768663586,0.24759674072265625,0.6996720192795215,0.45154428482055664
3,CD3e,0.5248702168464661,0.22954027140846905,0.2717016935348511,0.22895373219757278,0.13990665972232819
3,TOX,0.5670609474182129,0.3054460843381689,0.31381338834762573,0.4115610316430664,0.2105504721403122
3,PD-1,0.39299681782722473,0.20634482322727535,0.15148091316223145,0.18390769697023604,0.11987866461277008
3,PDGFR,0.490726500749588,0.2901645159798526,0.23639869689941406,0.6919219254567197,0.437315970659256
3,CD4,0.5567357540130615,0.2808159614426733,0.30823177099227905,0.27139316371363054,0.19414180517196655
3,MAP2,0.43207448720932007,0.3435908027498578,0.1847294569015503,0.44783546761540227,0.3477053940296173
3,CD8,0.29203683137893677,0.11660040237179903,0.07958102226257324,0.33018063189360164,0.19687308371067047
3,MGMT,0.525337815284729,0.2760192812012624,0.2710784673690796,0.40565342381815783,0.25105130672454834
3,CD38,0.37553152441978455,0.29173760207384825,0.13861006498336792,0.29696391681429984,0.22866441309452057
3,HLA-DR,0.5420671701431274,0.35153630824353166,0.2883996367454529,0.44463822698343625,0.31744512915611267
3,CD14,0.47377967834472656,0.34061477191236905,0.22324126958847046,0.4199655909294204,0.32180625200271606
3,ICOS,0.42483246326446533,0.25382536793694516,0.1733425259590149,0.21981198663627197,0.15482822060585022
3,Granzyme K,0.23189915716648102,0.18002921840223593,0.04838043451309204,0.20992234341079702,0.1638564020395279
4,synd,0.4093230962753296,0.33411083451787954,0.15648579597473145,0.368008001222391,0.2620943784713745
4,FOXP3,0.3582262396812439,0.3031100138792285,0.1258084774017334,0.18823383691950993,0.13423961400985718
4,CD16,0.29367485642433167,0.2847098069582325,0.08161002397537231,0.6111427245367953,0.44850441813468933
4,CD31,0.3991773724555969,0.24637358591795935,0.15686959028244019,0.35997972196185163,0.2537890672683716
4,CXCL13,0.31200042366981506,0.12364279413470887,0.09704762697219849,0.16129170877323407,0.11491365730762482
4,Ki67,0.40998515486717224,0.2590223912580139,0.1652359962463379,1.0693296388762843,0.8439571857452393
4,OLIG2,0.3576728105545044,0.324438090589405,0.11913049221038818,0.3851994232988943,0.31380319595336914
4,CXCR5,0.3574303686618805,0.14794996824709353,0.12619870901107788,0.16286547258518785,0.11016389727592468
4,HLA-A,0.218067467212677,0.1935986893480401,0.04324740171432495,1.045516940938777,0.8157373070716858
4,PD-L1,0.5913198590278625,0.15526775595262768,0.3405354619026184,0.16939642660689772,0.11485034227371216
4,PSD95,0.3334709703922272,0.27772876347193554,0.10902780294418335,1.2671219720607652,0.9835989475250244
4,CD20,0.08001279085874557,0.1402308029191976,-0.00015020370483398438,0.2654280353014726,0.1555463969707489
4,CD68,0.6358053684234619,0.2034119181686258,0.4032299518585205,0.36234149591650366,0.24013401567935944
4,CD44,0.44645723700523376,0.37986990770932333,0.1903775930404663,0.7482553694481717,0.5737419128417969
4,SMA,0.3506941795349121,0.2086320016643036,0.11991888284683228,0.6119753546629877,0.44903552532196045
4,MSH6,0.3593713045120239,0.33403586407584024,0.12092560529708862,0.3583591242128821,0.28113916516304016
4,CD23,0.42685070633888245,0.31686861851138803,0.18016892671585083,0.8954171204480749,0.6375917196273804
4,GFAP,0.2691008746623993,0.1886464202472699,0.06749749183654785,0.4012223142359664,0.31075865030288696
4,SYNA,0.30830681324005127,0.16386934106900802,0.0872412919998169,0.27685938433749346,0.2075529545545578
4,Podoplanin,0.27701711654663086,0.14663973751545514,0.07026124000549316,0.9624887985964855,0.6968366503715515
4,Vimentin,0.3712731897830963,0.245624607514544,0.1333656907081604,0.4042353007286931,0.3124030828475952
4,CD47,0.32455891370773315,0.19810903031933275,0.10402393341064453,0.2242047106105706,0.16449569165706635
4,CD74,0.46646687388420105,0.4238979398555448,0.21267962455749512,0.7952945969520742,0.6462709307670593
4,SIRP,0.3240010738372803,0.28042358637266174,0.10396212339401245,0.24333635224359573,0.19043037295341492
4,Granzyme B,0.4873291552066803,0.24204035829661266,0.23631775379180908,0.5975083560838134,0.38216137886047363
4,IDH1,0.41253459453582764,0.2675260608445814,0.16300159692764282,0.2829421057287272,0.21679943799972534
4,MPO,0.7007038593292236,0.14031248013570308,0.45911717414855957,0.24548509806799115,0.13010603189468384
4,CD45,0.5566732883453369,0.26597127601164133,0.3085376024246216,0.32402703925321696,0.24249596893787384
4,CD21,0.34501951932907104,0.16547490943779397,0.1026502251625061,0.2690883397444594,0.20566588640213013
4,FIBR,0.5304804444313049,0.19528151525027448,0.2770460844039917,0.18608446043579738,0.1341613233089447
4,C-KIT,0.4758327007293701,0.2854043301114836,0.22630733251571655,0.6289761427431936,0.4221564531326294
4,CD3e,0.5031862854957581,0.17062406797680174,0.25210368633270264,0.20062921534474148,0.13073085248470306
4,TOX,0.5796464085578918,0.27766271111079194,0.3349739909172058,0.338322875653256,0.19124414026737213
4,PD-1,0.3762301802635193,0.15683828489642795,0.14072376489639282,0.16634814676282117,0.1158076673746109
4,PDGFR,0.4391915202140808,0.2602230106907429,0.1928044557571411,0.6287217906288891,0.40934857726097107
4,CD4,0.5496906638145447,0.2647912216429775,0.3000631332397461,0.2532554502249039,0.18825815618038177
4,MAP2,0.4533156454563141,0.3372517552588138,0.19794917106628418,0.44518574366235786,0.34583190083503723
4,CD8,0.3059309720993042,0.10900066242626641,0.08400291204452515,0.323527184551396,0.19565799832344055
4,MGMT,0.5156223177909851,0.2514696691728912,0.26319295167922974,0.37516524727108136,0.24056540429592133
4,CD38,0.3912486732006073,0.2922801821684094,0.14811480045318604,0.289941508009505,0.22592803835868835
4,HLA-DR,0.514739990234375,0.34601145011437806,0.26325303316116333,0.4199974879121586,0.30839890241622925
4,CD14,0.48737552762031555,0.35288333179925235,0.23367005586624146,0.4141219834120822,0.3201088607311249
4,ICOS,0.38770806789398193,0.2038283243505416,0.14850467443466187,0.20807313564959012,0.15069235861301422
4,Granzyme K,0.24215152859687805,0.14145831834730907,0.056103289127349854,0.20398545499038717,0.16159705817699432
